registry_kind,name,acronym,record_type,institution_class,institution_subclass,sector_tags,contact_person_name,contact_person_title,email,phone,region,district,city,address,website,source_file,source_sheet,source_row,source_reference,policy_role_code,role_summary
agency,Petroleum Upstream Regulatory Authority,PURA,Government,Government Institution,MDA / Executive Agency / Authority,Energy/Minerals,,,,,,,,,,Research + ORODHA + FINAL_DRR + known Executive Agencies,GOV_INST,1,"URT MDAs: Treasury Registrar/CAG scope, Executive Agencies Act entities, ORODHA TAASISI, FINAL_DRR; de-duplicated against live registry",,Upstream petroleum regulation and sector risk oversight.
agency,Weights and Measures Agency,WMA,Government,Government Institution,MDA / Executive Agency / Authority,Trade/Standards,,,,,,,,,,Research + ORODHA + FINAL_DRR + known Executive Agencies,GOV_INST,2,"URT MDAs: Treasury Registrar/CAG scope, Executive Agencies Act entities, ORODHA TAASISI, FINAL_DRR; de-duplicated against live registry",,Metrology services for trade and emergency logistics.
agency,Tanzania Government Flight Agency,TGFA,Government,Government Institution,MDA / Executive Agency / Authority,Infrastructure/Transport,,,,,,,,,,Research + ORODHA + FINAL_DRR + known Executive Agencies,GOV_INST,3,"URT MDAs: Treasury Registrar/CAG scope, Executive Agencies Act entities, ORODHA TAASISI, FINAL_DRR; de-duplicated against live registry",,Government flight services for emergency operations.
agency,Dar Rapid Transit Agency,DART,Government,Government Institution,MDA / Executive Agency / Authority,Infrastructure/Transport,,,,,,,,,,Research + ORODHA + FINAL_DRR + known Executive Agencies,GOV_INST,4,"URT MDAs: Treasury Registrar/CAG scope, Executive Agencies Act entities, ORODHA TAASISI, FINAL_DRR; de-duplicated against live registry",,Urban mass transit continuity in Dar es Salaam.
agency,National Construction Council,NCC,Government,Government Institution,MDA / Executive Agency / Authority,Infrastructure/Housing,,,,,,,,,,Research + ORODHA + FINAL_DRR + known Executive Agencies,GOV_INST,5,"URT MDAs: Treasury Registrar/CAG scope, Executive Agencies Act entities, ORODHA TAASISI, FINAL_DRR; de-duplicated against live registry",,Construction industry development and standards.
agency,Architects and Quantity Surveyors Registration Board,AQRB,Government,Government Institution,MDA / Executive Agency / Authority,Infrastructure/Housing,,,,,,,,,,Research + ORODHA + FINAL_DRR + known Executive Agencies,GOV_INST,6,"URT MDAs: Treasury Registrar/CAG scope, Executive Agencies Act entities, ORODHA TAASISI, FINAL_DRR; de-duplicated against live registry",,Professional registration for reconstruction quality.
agency,Muhimbili National Hospital,MNH,Government,Government Institution,MDA / Executive Agency / Authority,Health,,,,,,,,,,Research + ORODHA + FINAL_DRR + known Executive Agencies,GOV_INST,7,"URT MDAs: Treasury Registrar/CAG scope, Executive Agencies Act entities, ORODHA TAASISI, FINAL_DRR; de-duplicated against live registry",,National referral hospital surge capacity.
agency,Benjamin Mkapa Hospital,BMH,Government,Government Institution,MDA / Executive Agency / Authority,Health,,,,,,,,,,Research + ORODHA + FINAL_DRR + known Executive Agencies,GOV_INST,8,"URT MDAs: Treasury Registrar/CAG scope, Executive Agencies Act entities, ORODHA TAASISI, FINAL_DRR; de-duplicated against live registry",,National hospital capacity for mass-casualty support.
agency,Ocean Road Cancer Institute,ORCI,Government,Government Institution,MDA / Executive Agency / Authority,Health,,,,,,,,,,Research + ORODHA + FINAL_DRR + known Executive Agencies,GOV_INST,9,"URT MDAs: Treasury Registrar/CAG scope, Executive Agencies Act entities, ORODHA TAASISI, FINAL_DRR; de-duplicated against live registry",,Specialist health capacity.
agency,Jakaya Kikwete Cardiac Institute,JKCI,Government,Government Institution,MDA / Executive Agency / Authority,Health,,,,,,,,,,Research + ORODHA + FINAL_DRR + known Executive Agencies,GOV_INST,10,"URT MDAs: Treasury Registrar/CAG scope, Executive Agencies Act entities, ORODHA TAASISI, FINAL_DRR; de-duplicated against live registry",,Specialist cardiac emergency capacity.
agency,Kibong'oto Infectious Diseases Hospital,KIDH,Government,Government Institution,MDA / Executive Agency / Authority,Health,,,,,,,,,,Research + ORODHA + FINAL_DRR + known Executive Agencies,GOV_INST,11,"URT MDAs: Treasury Registrar/CAG scope, Executive Agencies Act entities, ORODHA TAASISI, FINAL_DRR; de-duplicated against live registry",,Infectious disease hospital capacity.
agency,Tanzania Institute of Education,TIE,Government,Government Institution,MDA / Executive Agency / Authority,Education/Research,,,,,,,,,,Research + ORODHA + FINAL_DRR + known Executive Agencies,GOV_INST,12,"URT MDAs: Treasury Registrar/CAG scope, Executive Agencies Act entities, ORODHA TAASISI, FINAL_DRR; de-duplicated against live registry",,Curriculum development including DRR content.
agency,Institute of Adult Education,IAE,Government,Government Institution,MDA / Executive Agency / Authority,Education/Research,,,,,,,,,,Research + ORODHA + FINAL_DRR + known Executive Agencies,GOV_INST,13,"URT MDAs: Treasury Registrar/CAG scope, Executive Agencies Act entities, ORODHA TAASISI, FINAL_DRR; de-duplicated against live registry",,Adult education and community learning for DRR.
agency,Agency for the Development of Educational Management,ADEM,Government,Government Institution,MDA / Executive Agency / Authority,Education/Research,,,,,,,,,,Research + ORODHA + FINAL_DRR + known Executive Agencies,GOV_INST,14,"URT MDAs: Treasury Registrar/CAG scope, Executive Agencies Act entities, ORODHA TAASISI, FINAL_DRR; de-duplicated against live registry",,Education leadership training including emergency management.
agency,National College of Tourism,NCT,Government,Government Institution,MDA / Executive Agency / Authority,Education/Research,,,,,,,,,,Research + ORODHA + FINAL_DRR + known Executive Agencies,GOV_INST,15,"URT MDAs: Treasury Registrar/CAG scope, Executive Agencies Act entities, ORODHA TAASISI, FINAL_DRR; de-duplicated against live registry",,Tourism sector training and safety.
agency,Institute of Rural Development Planning,IRDP,Government,Government Institution,MDA / Executive Agency / Authority,Education/Research,,,,,,,,,,Research + ORODHA + FINAL_DRR + known Executive Agencies,GOV_INST,16,"URT MDAs: Treasury Registrar/CAG scope, Executive Agencies Act entities, ORODHA TAASISI, FINAL_DRR; de-duplicated against live registry",,Rural planning and local resilience.
agency,Local Government Training Institute,LGTI,Government,Government Institution,MDA / Executive Agency / Authority,Education/Research,,,,,,,,,,Research + ORODHA + FINAL_DRR + known Executive Agencies,GOV_INST,17,"URT MDAs: Treasury Registrar/CAG scope, Executive Agencies Act entities, ORODHA TAASISI, FINAL_DRR; de-duplicated against live registry",,LGA capacity building for disaster committees.
agency,Mzumbe University,MU,Government,Government Institution,MDA / Executive Agency / Authority,Education/Research,,,,,,,,,,Research + ORODHA + FINAL_DRR + known Executive Agencies,GOV_INST,18,"URT MDAs: Treasury Registrar/CAG scope, Executive Agencies Act entities, ORODHA TAASISI, FINAL_DRR; de-duplicated against live registry",,Public administration and disaster governance training.
agency,Nelson Mandela African Institution of Science and Technology,NM-AIST,Government,Government Institution,MDA / Executive Agency / Authority,Education/Research,,,,,,,,,,Research + ORODHA + FINAL_DRR + known Executive Agencies,GOV_INST,19,"URT MDAs: Treasury Registrar/CAG scope, Executive Agencies Act entities, ORODHA TAASISI, FINAL_DRR; de-duplicated against live registry",,Science and technology research for resilience.
agency,Mbeya University of Science and Technology,MUST,Government,Government Institution,MDA / Executive Agency / Authority,Education/Research,,,,,,,,,,Research + ORODHA + FINAL_DRR + known Executive Agencies,GOV_INST,20,"URT MDAs: Treasury Registrar/CAG scope, Executive Agencies Act entities, ORODHA TAASISI, FINAL_DRR; de-duplicated against live registry",,Science and technology education.
agency,Open University of Tanzania,OUT,Government,Government Institution,MDA / Executive Agency / Authority,Education/Research,,,,,,,,,,Research + ORODHA + FINAL_DRR + known Executive Agencies,GOV_INST,21,"URT MDAs: Treasury Registrar/CAG scope, Executive Agencies Act entities, ORODHA TAASISI, FINAL_DRR; de-duplicated against live registry",,Distance learning for DRR capacity at scale.
agency,Moshi Co-operative University,MoCU,Government,Government Institution,MDA / Executive Agency / Authority,Education/Research,,,,,,,,,,Research + ORODHA + FINAL_DRR + known Executive Agencies,GOV_INST,22,"URT MDAs: Treasury Registrar/CAG scope, Executive Agencies Act entities, ORODHA TAASISI, FINAL_DRR; de-duplicated against live registry",,Cooperative sector resilience training.
agency,Marine Parks and Reserves Unit,MPRU,Government,Government Institution,MDA / Executive Agency / Authority,Environment/Natural Resources,,,,,,,,,,Research + ORODHA + FINAL_DRR + known Executive Agencies,GOV_INST,23,"URT MDAs: Treasury Registrar/CAG scope, Executive Agencies Act entities, ORODHA TAASISI, FINAL_DRR; de-duplicated against live registry",,Marine protected areas and coastal hazard interface.
agency,Tanzania Fisheries Research Institute,TAFIRI,Government,Government Institution,MDA / Executive Agency / Authority,Livestock/Fisheries,,,,,,,,,,Research + ORODHA + FINAL_DRR + known Executive Agencies,GOV_INST,24,"URT MDAs: Treasury Registrar/CAG scope, Executive Agencies Act entities, ORODHA TAASISI, FINAL_DRR; de-duplicated against live registry",,Fisheries research for food security and aquatic hazards.
agency,Tanzania Fisheries Corporation,TAFICO,Government,Government Institution,MDA / Executive Agency / Authority,Livestock/Fisheries,,,,,,,,,,Research + ORODHA + FINAL_DRR + known Executive Agencies,GOV_INST,25,"URT MDAs: Treasury Registrar/CAG scope, Executive Agencies Act entities, ORODHA TAASISI, FINAL_DRR; de-duplicated against live registry",,Fisheries production continuity.
agency,National Irrigation Commission,NIRC,Government,Government Institution,MDA / Executive Agency / Authority,Agriculture/Water,,,,,,,,,,Research + ORODHA + FINAL_DRR + known Executive Agencies,GOV_INST,26,"URT MDAs: Treasury Registrar/CAG scope, Executive Agencies Act entities, ORODHA TAASISI, FINAL_DRR; de-duplicated against live registry",,Irrigation infrastructure resilience and flood interface.
agency,Tanzania Agricultural Research Institute,TARI,Government,Government Institution,MDA / Executive Agency / Authority,Agriculture/Food Security,,,,,,,,,,Research + ORODHA + FINAL_DRR + known Executive Agencies,GOV_INST,27,"URT MDAs: Treasury Registrar/CAG scope, Executive Agencies Act entities, ORODHA TAASISI, FINAL_DRR; de-duplicated against live registry",,Agricultural research for climate and pest risks.
agency,Agricultural Seed Agency,ASA,Government,Government Institution,MDA / Executive Agency / Authority,Agriculture/Food Security,,,,,,,,,,Research + ORODHA + FINAL_DRR + known Executive Agencies,GOV_INST,28,"URT MDAs: Treasury Registrar/CAG scope, Executive Agencies Act entities, ORODHA TAASISI, FINAL_DRR; de-duplicated against live registry",,Seed security for recovery of food systems.
agency,Tanzania Official Seed Certification Institute,TOSCI,Government,Government Institution,MDA / Executive Agency / Authority,Agriculture/Food Security,,,,,,,,,,Research + ORODHA + FINAL_DRR + known Executive Agencies,GOV_INST,29,"URT MDAs: Treasury Registrar/CAG scope, Executive Agencies Act entities, ORODHA TAASISI, FINAL_DRR; de-duplicated against live registry",,Seed certification for recovery programmes.
agency,Tanzania Coffee Board,TCB,Government,Government Institution,MDA / Executive Agency / Authority,Agriculture/Food Security,,,,,,,,,,Research + ORODHA + FINAL_DRR + known Executive Agencies,GOV_INST,30,"URT MDAs: Treasury Registrar/CAG scope, Executive Agencies Act entities, ORODHA TAASISI, FINAL_DRR; de-duplicated against live registry",,Coffee sector resilience.
agency,Cashewnut Board of Tanzania,CBT,Government,Government Institution,MDA / Executive Agency / Authority,Agriculture/Food Security,,,,,,,,,,Research + ORODHA + FINAL_DRR + known Executive Agencies,GOV_INST,31,"URT MDAs: Treasury Registrar/CAG scope, Executive Agencies Act entities, ORODHA TAASISI, FINAL_DRR; de-duplicated against live registry",,Cashew sector resilience.
agency,Cereal and Other Produce Board of Tanzania,CPB,Government,Government Institution,MDA / Executive Agency / Authority,Agriculture/Food Security,,,,,,,,,,Research + ORODHA + FINAL_DRR + known Executive Agencies,GOV_INST,32,"URT MDAs: Treasury Registrar/CAG scope, Executive Agencies Act entities, ORODHA TAASISI, FINAL_DRR; de-duplicated against live registry",,Cereal marketing and food security interface.
agency,National Ranching Company,NARCO,Government,Government Institution,MDA / Executive Agency / Authority,Livestock/Fisheries,,,,,,,,,,Research + ORODHA + FINAL_DRR + known Executive Agencies,GOV_INST,33,"URT MDAs: Treasury Registrar/CAG scope, Executive Agencies Act entities, ORODHA TAASISI, FINAL_DRR; de-duplicated against live registry",,Ranching sector continuity.
agency,Tanzania Trade Development Authority,TANTRADE,Government,Government Institution,MDA / Executive Agency / Authority,Trade/Industry,,,,,,,,,,Research + ORODHA + FINAL_DRR + known Executive Agencies,GOV_INST,34,"URT MDAs: Treasury Registrar/CAG scope, Executive Agencies Act entities, ORODHA TAASISI, FINAL_DRR; de-duplicated against live registry",,Trade facilitation for relief and recovery goods.
agency,Fair Competition Commission,FCC,Government,Government Institution,MDA / Executive Agency / Authority,Trade/Industry,,,,,,,,,,Research + ORODHA + FINAL_DRR + known Executive Agencies,GOV_INST,35,"URT MDAs: Treasury Registrar/CAG scope, Executive Agencies Act entities, ORODHA TAASISI, FINAL_DRR; de-duplicated against live registry",,Market competition oversight including emergency markets.
agency,Tanzania Employment Services Agency,TAESA,Government,Government Institution,MDA / Executive Agency / Authority,Labour,,,,,,,,,,Research + ORODHA + FINAL_DRR + known Executive Agencies,GOV_INST,36,"URT MDAs: Treasury Registrar/CAG scope, Executive Agencies Act entities, ORODHA TAASISI, FINAL_DRR; de-duplicated against live registry",,Employment services post-disaster.
agency,Prevention and Combating of Corruption Bureau,PCCB,Government,Government Institution,MDA / Executive Agency / Authority,Governance,,,,,,,,,,Research + ORODHA + FINAL_DRR + known Executive Agencies,GOV_INST,37,"URT MDAs: Treasury Registrar/CAG scope, Executive Agencies Act entities, ORODHA TAASISI, FINAL_DRR; de-duplicated against live registry",,Integrity oversight of disaster resource use.
agency,Commission for Human Rights and Good Governance,CHRAGG,Government,Government Institution,MDA / Executive Agency / Authority,Governance,,,,,,,,,,Research + ORODHA + FINAL_DRR + known Executive Agencies,GOV_INST,38,"URT MDAs: Treasury Registrar/CAG scope, Executive Agencies Act entities, ORODHA TAASISI, FINAL_DRR; de-duplicated against live registry",,Rights protection of disaster-affected persons.
agency,Law Reform Commission of Tanzania,LRCT,Government,Government Institution,MDA / Executive Agency / Authority,Governance,,,,,,,,,,Research + ORODHA + FINAL_DRR + known Executive Agencies,GOV_INST,39,"URT MDAs: Treasury Registrar/CAG scope, Executive Agencies Act entities, ORODHA TAASISI, FINAL_DRR; de-duplicated against live registry",,Legal reform including disaster law.
agency,Institute of Judicial Administration,IJA,Government,Government Institution,MDA / Executive Agency / Authority,Governance,,,,,,,,,,Research + ORODHA + FINAL_DRR + known Executive Agencies,GOV_INST,40,"URT MDAs: Treasury Registrar/CAG scope, Executive Agencies Act entities, ORODHA TAASISI, FINAL_DRR; de-duplicated against live registry",,Judicial capacity building.
agency,Tanzania Prisons Service,TPS,Government,Government Institution,MDA / Executive Agency / Authority,Security/Response,,,,,,,,,,Research + ORODHA + FINAL_DRR + known Executive Agencies,GOV_INST,41,"URT MDAs: Treasury Registrar/CAG scope, Executive Agencies Act entities, ORODHA TAASISI, FINAL_DRR; de-duplicated against live registry",,Prisons emergency continuity.
agency,Immigration Services Department,ISD,Government,Government Institution,MDA / Executive Agency / Authority,Security/Response,,,,,,,,,,Research + ORODHA + FINAL_DRR + known Executive Agencies,GOV_INST,42,"URT MDAs: Treasury Registrar/CAG scope, Executive Agencies Act entities, ORODHA TAASISI, FINAL_DRR; de-duplicated against live registry",,Border and migration management in crises.
agency,Tanzania Intelligence and Security Service,TISS,Government,Government Institution,MDA / Executive Agency / Authority,Security/Response,,,,,,,,,,Research + ORODHA + FINAL_DRR + known Executive Agencies,GOV_INST,43,"URT MDAs: Treasury Registrar/CAG scope, Executive Agencies Act entities, ORODHA TAASISI, FINAL_DRR; de-duplicated against live registry",,National security intelligence support to crisis management.
agency,Planning Commission,PC,Government,Government Institution,MDA / Executive Agency / Authority,National Planning,,,,,,,,,,Research + ORODHA + FINAL_DRR + known Executive Agencies,GOV_INST,44,"URT MDAs: Treasury Registrar/CAG scope, Executive Agencies Act entities, ORODHA TAASISI, FINAL_DRR; de-duplicated against live registry",,National planning integration of disaster risk.
agency,Treasury Registrar,TR,Government,Government Institution,MDA / Executive Agency / Authority,Finance/Risk Financing,,,,,,,,,,Research + ORODHA + FINAL_DRR + known Executive Agencies,GOV_INST,45,"URT MDAs: Treasury Registrar/CAG scope, Executive Agencies Act entities, ORODHA TAASISI, FINAL_DRR; de-duplicated against live registry",,Oversight of public corporations including utility readiness.
agency,Government Procurement Services Agency,GPSA,Government,Government Institution,MDA / Executive Agency / Authority,Governance,,,,,,,,,,Research + ORODHA + FINAL_DRR + known Executive Agencies,GOV_INST,46,"URT MDAs: Treasury Registrar/CAG scope, Executive Agencies Act entities, ORODHA TAASISI, FINAL_DRR; de-duplicated against live registry",,Central procurement of government and emergency supplies.
agency,Tanzania Broadcasting Corporation,TBC,Government,Government Institution,MDA / Executive Agency / Authority,Communication/Media,,,,,,,,,,Research + ORODHA + FINAL_DRR + known Executive Agencies,GOV_INST,47,"URT MDAs: Treasury Registrar/CAG scope, Executive Agencies Act entities, ORODHA TAASISI, FINAL_DRR; de-duplicated against live registry",,Public broadcaster for early warning and awareness.
agency,Tanzania Standard Newspapers,TSN,Government,Government Institution,MDA / Executive Agency / Authority,Communication/Media,,,,,,,,,,Research + ORODHA + FINAL_DRR + known Executive Agencies,GOV_INST,48,"URT MDAs: Treasury Registrar/CAG scope, Executive Agencies Act entities, ORODHA TAASISI, FINAL_DRR; de-duplicated against live registry",,Government newspapers for public information.
agency,Baraza la Kiswahili la Taifa,BAKITA,Government,Government Institution,MDA / Executive Agency / Authority,Culture/Language,,,,,,,,,,Research + ORODHA + FINAL_DRR + known Executive Agencies,GOV_INST,49,"URT MDAs: Treasury Registrar/CAG scope, Executive Agencies Act entities, ORODHA TAASISI, FINAL_DRR; de-duplicated against live registry",,National Kiswahili council for clear public messaging.
agency,National Sports Council,NSC,Government,Government Institution,MDA / Executive Agency / Authority,Culture/Language,,,,,,,,,,Research + ORODHA + FINAL_DRR + known Executive Agencies,GOV_INST,50,"URT MDAs: Treasury Registrar/CAG scope, Executive Agencies Act entities, ORODHA TAASISI, FINAL_DRR; de-duplicated against live registry",,Sports facilities as potential emergency shelters.
agency,National Museum of Tanzania,NMT,Government,Government Institution,MDA / Executive Agency / Authority,Culture/Language,,,,,,,,,,Research + ORODHA + FINAL_DRR + known Executive Agencies,GOV_INST,51,"URT MDAs: Treasury Registrar/CAG scope, Executive Agencies Act entities, ORODHA TAASISI, FINAL_DRR; de-duplicated against live registry",,Cultural heritage protection in disasters.
agency,Antiquities Division / Agency of Antiquities,AOA,Government,Government Institution,MDA / Executive Agency / Authority,Culture/Language,,,,,,,,,,Research + ORODHA + FINAL_DRR + known Executive Agencies,GOV_INST,52,"URT MDAs: Treasury Registrar/CAG scope, Executive Agencies Act entities, ORODHA TAASISI, FINAL_DRR; de-duplicated against live registry",,Heritage site protection from disasters.
agency,TIB Development Bank,TIB,Government,Government Institution,MDA / Executive Agency / Authority,Finance/Risk Financing,,,,,,,,,,Research + ORODHA + FINAL_DRR + known Executive Agencies,GOV_INST,53,"URT MDAs: Treasury Registrar/CAG scope, Executive Agencies Act entities, ORODHA TAASISI, FINAL_DRR; de-duplicated against live registry",,Development financing for resilient infrastructure.
agency,Tanzania Agricultural Development Bank,TADB,Government,Government Institution,MDA / Executive Agency / Authority,Finance/Risk Financing,,,,,,,,,,Research + ORODHA + FINAL_DRR + known Executive Agencies,GOV_INST,54,"URT MDAs: Treasury Registrar/CAG scope, Executive Agencies Act entities, ORODHA TAASISI, FINAL_DRR; de-duplicated against live registry",,Agricultural finance for climate and disaster recovery.
agency,National Microfinance Bank Plc Public Interest Mandate,NMB-public,Government,Government Institution,MDA / Executive Agency / Authority,Finance/Risk Financing,,,,,,,,,,Research + ORODHA + FINAL_DRR + known Executive Agencies,GOV_INST,55,"URT MDAs: Treasury Registrar/CAG scope, Executive Agencies Act entities, ORODHA TAASISI, FINAL_DRR; de-duplicated against live registry",,"Major bank with extensive rural footprint for recovery payments (listed for coordination, not private M&E ownership)."
agency,National Insurance Corporation of Tanzania,NIC,Government,Government Institution,MDA / Executive Agency / Authority,Finance/Risk Financing,,,,,,,,,,Research + ORODHA + FINAL_DRR + known Executive Agencies,GOV_INST,56,"URT MDAs: Treasury Registrar/CAG scope, Executive Agencies Act entities, ORODHA TAASISI, FINAL_DRR; de-duplicated against live registry",,Public insurance capacity for risk transfer.
agency,Tanzania Export Credit Guarantee Company,TEC,Government,Government Institution,MDA / Executive Agency / Authority,Finance/Risk Financing,,,,,,,,,,Research + ORODHA + FINAL_DRR + known Executive Agencies,GOV_INST,57,"URT MDAs: Treasury Registrar/CAG scope, Executive Agencies Act entities, ORODHA TAASISI, FINAL_DRR; de-duplicated against live registry",,Trade finance guarantees supporting recovery.
agency,Tanzania Coffee Research Institute,TaCRI,Government,Government Institution,MDA / Executive Agency / Authority,Agriculture/Food Security,,,,,,,,,,Research + ORODHA + FINAL_DRR + known Executive Agencies,GOV_INST,58,"URT MDAs: Treasury Registrar/CAG scope, Executive Agencies Act entities, ORODHA TAASISI, FINAL_DRR; de-duplicated against live registry",,Coffee research for climate resilience.
agency,Tanzania Industrial Research and Development Organization,TIRDO,Government,Government Institution,MDA / Executive Agency / Authority,Trade/Industry,,,,,,,,,,Research + ORODHA + FINAL_DRR + known Executive Agencies,GOV_INST,59,"URT MDAs: Treasury Registrar/CAG scope, Executive Agencies Act entities, ORODHA TAASISI, FINAL_DRR; de-duplicated against live registry",,Industrial research for resilient production.
agency,Centre for Agricultural Mechanization and Rural Technology,CAMARTEC,Government,Government Institution,MDA / Executive Agency / Authority,Agriculture/Food Security,,,,,,,,,,Research + ORODHA + FINAL_DRR + known Executive Agencies,GOV_INST,60,"URT MDAs: Treasury Registrar/CAG scope, Executive Agencies Act entities, ORODHA TAASISI, FINAL_DRR; de-duplicated against live registry",,Agricultural mechanization for recovery.
agency,Tanzania Engineering and Manufacturing Design Organization,TEMDO,Government,Government Institution,MDA / Executive Agency / Authority,Trade/Industry,,,,,,,,,,Research + ORODHA + FINAL_DRR + known Executive Agencies,GOV_INST,61,"URT MDAs: Treasury Registrar/CAG scope, Executive Agencies Act entities, ORODHA TAASISI, FINAL_DRR; de-duplicated against live registry",,Engineering design for public infrastructure.
agency,Tanzania Automotive Technology Centre,TATC,Government,Government Institution,MDA / Executive Agency / Authority,Trade/Industry,,,,,,,,,,Research + ORODHA + FINAL_DRR + known Executive Agencies,GOV_INST,62,"URT MDAs: Treasury Registrar/CAG scope, Executive Agencies Act entities, ORODHA TAASISI, FINAL_DRR; de-duplicated against live registry",,Automotive technology support for logistics fleets.
agency,National Institute of Transport,NIT,Government,Government Institution,MDA / Executive Agency / Authority,Infrastructure/Transport,,,,,,,,,,Research + ORODHA + FINAL_DRR + known Executive Agencies,GOV_INST,63,"URT MDAs: Treasury Registrar/CAG scope, Executive Agencies Act entities, ORODHA TAASISI, FINAL_DRR; de-duplicated against live registry",,Transport training for emergency logistics.
agency,Bandari College Tanzania,BCT,Government,Government Institution,MDA / Executive Agency / Authority,Infrastructure/Transport,,,,,,,,,,Research + ORODHA + FINAL_DRR + known Executive Agencies,GOV_INST,64,"URT MDAs: Treasury Registrar/CAG scope, Executive Agencies Act entities, ORODHA TAASISI, FINAL_DRR; de-duplicated against live registry",,Port and maritime training.
agency,Tanzania Institute of Accountancy,TIA,Government,Government Institution,MDA / Executive Agency / Authority,Education/Research,,,,,,,,,,Research + ORODHA + FINAL_DRR + known Executive Agencies,GOV_INST,65,"URT MDAs: Treasury Registrar/CAG scope, Executive Agencies Act entities, ORODHA TAASISI, FINAL_DRR; de-duplicated against live registry",,Public accounting skills for disaster fund accountability.
agency,College of Business Education,CBE,Government,Government Institution,MDA / Executive Agency / Authority,Education/Research,,,,,,,,,,Research + ORODHA + FINAL_DRR + known Executive Agencies,GOV_INST,66,"URT MDAs: Treasury Registrar/CAG scope, Executive Agencies Act entities, ORODHA TAASISI, FINAL_DRR; de-duplicated against live registry",,Business education for SME recovery.
agency,Institute of Social Work,ISW,Government,Government Institution,MDA / Executive Agency / Authority,Education/Research,,,,,,,,,,Research + ORODHA + FINAL_DRR + known Executive Agencies,GOV_INST,67,"URT MDAs: Treasury Registrar/CAG scope, Executive Agencies Act entities, ORODHA TAASISI, FINAL_DRR; de-duplicated against live registry",,Social work capacity for psychosocial support.
agency,Mwalimu Nyerere Memorial Academy,MNMA,Government,Government Institution,MDA / Executive Agency / Authority,Education/Research,,,,,,,,,,Research + ORODHA + FINAL_DRR + known Executive Agencies,GOV_INST,68,"URT MDAs: Treasury Registrar/CAG scope, Executive Agencies Act entities, ORODHA TAASISI, FINAL_DRR; de-duplicated against live registry",,Leadership and civic education.
agency,Eastern Africa Statistical Training Centre,EASTC,Government,Government Institution,MDA / Executive Agency / Authority,Planning/Statistics,,,,,,,,,,Research + ORODHA + FINAL_DRR + known Executive Agencies,GOV_INST,69,"URT MDAs: Treasury Registrar/CAG scope, Executive Agencies Act entities, ORODHA TAASISI, FINAL_DRR; de-duplicated against live registry",,Statistics training for risk and impact data.
agency,Centre for Foreign Relations,CFR,Government,Government Institution,MDA / Executive Agency / Authority,International Cooperation,,,,,,,,,,Research + ORODHA + FINAL_DRR + known Executive Agencies,GOV_INST,70,"URT MDAs: Treasury Registrar/CAG scope, Executive Agencies Act entities, ORODHA TAASISI, FINAL_DRR; de-duplicated against live registry",,Diplomatic training for international disaster cooperation.
agency,Government Store Department,GSD,Government,Government Institution,MDA / Executive Agency / Authority,Governance,,,,,,,,,,Research + ORODHA + FINAL_DRR + known Executive Agencies,GOV_INST,71,"URT MDAs: Treasury Registrar/CAG scope, Executive Agencies Act entities, ORODHA TAASISI, FINAL_DRR; de-duplicated against live registry",,Government stores for emergency commodity pre-positioning.
agency,Tanzania Library Services Board,TLSB,Government,Government Institution,MDA / Executive Agency / Authority,Education/Research,,,,,,,,,,Research + ORODHA + FINAL_DRR + known Executive Agencies,GOV_INST,72,"URT MDAs: Treasury Registrar/CAG scope, Executive Agencies Act entities, ORODHA TAASISI, FINAL_DRR; de-duplicated against live registry",,Public libraries as community information points.
agency,Copyright Society of Tanzania,COSOTA,Government,Government Institution,MDA / Executive Agency / Authority,Culture/Language,,,,,,,,,,Research + ORODHA + FINAL_DRR + known Executive Agencies,GOV_INST,73,"URT MDAs: Treasury Registrar/CAG scope, Executive Agencies Act entities, ORODHA TAASISI, FINAL_DRR; de-duplicated against live registry",,Copyright and cultural sector continuity.
agency,Tanzania Film Board,TFB,Government,Government Institution,MDA / Executive Agency / Authority,Culture/Language,,,,,,,,,,Research + ORODHA + FINAL_DRR + known Executive Agencies,GOV_INST,74,"URT MDAs: Treasury Registrar/CAG scope, Executive Agencies Act entities, ORODHA TAASISI, FINAL_DRR; de-duplicated against live registry",,Film sector public information capacity.
agency,Surface and Marine Transport Accident Investigation,TAIC,Government,Government Institution,MDA / Executive Agency / Authority,Infrastructure/Transport,,,,,,,,,,Research + ORODHA + FINAL_DRR + known Executive Agencies,GOV_INST,75,"URT MDAs: Treasury Registrar/CAG scope, Executive Agencies Act entities, ORODHA TAASISI, FINAL_DRR; de-duplicated against live registry",,Transport accident investigation for safety learning.
agency,Central Corridor Transit Transport Facilitation Agency,CCTTFA,Government,Government Institution,MDA / Executive Agency / Authority,Infrastructure/Transport,,,,,,,,,,Research + ORODHA + FINAL_DRR + known Executive Agencies,GOV_INST,76,"URT MDAs: Treasury Registrar/CAG scope, Executive Agencies Act entities, ORODHA TAASISI, FINAL_DRR; de-duplicated against live registry",,Regional corridor logistics for relief movement.
agency,Tanzania Revenue Authority Customs and Excise,TRA-CE,Government,Government Institution,MDA / Executive Agency / Authority,Finance/Risk Financing,,,,,,,,,,Research + ORODHA + FINAL_DRR + known Executive Agencies,GOV_INST,77,"URT MDAs: Treasury Registrar/CAG scope, Executive Agencies Act entities, ORODHA TAASISI, FINAL_DRR; de-duplicated against live registry",,Customs facilitation for humanitarian cargo.
agency,National Board of Accountants and Auditors,NBAA,Government,Government Institution,MDA / Executive Agency / Authority,Governance,,,,,,,,,,Research + ORODHA + FINAL_DRR + known Executive Agencies,GOV_INST,78,"URT MDAs: Treasury Registrar/CAG scope, Executive Agencies Act entities, ORODHA TAASISI, FINAL_DRR; de-duplicated against live registry",,Professional accounting standards for public fund accountability.
agency,National Board of Materials Management,NBMM,Government,Government Institution,MDA / Executive Agency / Authority,Governance,,,,,,,,,,Research + ORODHA + FINAL_DRR + known Executive Agencies,GOV_INST,79,"URT MDAs: Treasury Registrar/CAG scope, Executive Agencies Act entities, ORODHA TAASISI, FINAL_DRR; de-duplicated against live registry",,Materials management standards for warehouses.
agency,Procurement and Supplies Professionals and Technicians Board,PSPTB,Government,Government Institution,MDA / Executive Agency / Authority,Governance,,,,,,,,,,Research + ORODHA + FINAL_DRR + known Executive Agencies,GOV_INST,80,"URT MDAs: Treasury Registrar/CAG scope, Executive Agencies Act entities, ORODHA TAASISI, FINAL_DRR; de-duplicated against live registry",,Procurement professionalism for emergency supply chains.
agency,Government Communication Unit,GCU,Government,Government Institution,MDA / Executive Agency / Authority,Communication/Media,,,,,,,,,,Research + ORODHA + FINAL_DRR + known Executive Agencies,GOV_INST,81,"URT MDAs: Treasury Registrar/CAG scope, Executive Agencies Act entities, ORODHA TAASISI, FINAL_DRR; de-duplicated against live registry",,Government public communication in emergencies.
agency,National Internet Data Centre,NIDC,Government,Government Institution,MDA / Executive Agency / Authority,Digital Government / ICT,,,,,,,,,,Research + ORODHA + FINAL_DRR + known Executive Agencies,GOV_INST,82,"URT MDAs: Treasury Registrar/CAG scope, Executive Agencies Act entities, ORODHA TAASISI, FINAL_DRR; de-duplicated against live registry",,Critical digital infrastructure continuity.
agency,Universal Communications Access Fund,UCAF,Government,Government Institution,MDA / Executive Agency / Authority,Communication/Media,,,,,,,,,,Research + ORODHA + FINAL_DRR + known Executive Agencies,GOV_INST,83,"URT MDAs: Treasury Registrar/CAG scope, Executive Agencies Act entities, ORODHA TAASISI, FINAL_DRR; de-duplicated against live registry",,Rural communications access supporting warning reach.
agency,Commission for Lands,COL,Government,Government Institution,MDA / Executive Agency / Authority,Land Use/Urban Planning,,,,,,,,,,Research + ORODHA + FINAL_DRR + known Executive Agencies,GOV_INST,84,"URT MDAs: Treasury Registrar/CAG scope, Executive Agencies Act entities, ORODHA TAASISI, FINAL_DRR; de-duplicated against live registry",,Land administration for safe settlements and recovery.
agency,Surveys and Mapping Division / Agency,SMD,Government,Government Institution,MDA / Executive Agency / Authority,Land Use/Urban Planning,,,,,,,,,,Research + ORODHA + FINAL_DRR + known Executive Agencies,GOV_INST,85,"URT MDAs: Treasury Registrar/CAG scope, Executive Agencies Act entities, ORODHA TAASISI, FINAL_DRR; de-duplicated against live registry",,Geospatial data for risk mapping.
agency,Tanzania National Business Council Secretariat,TNBC,Government,Government Institution,MDA / Executive Agency / Authority,Private Sector Coordination,,,,,,,,,,Research + ORODHA + FINAL_DRR + known Executive Agencies,GOV_INST,86,"URT MDAs: Treasury Registrar/CAG scope, Executive Agencies Act entities, ORODHA TAASISI, FINAL_DRR; de-duplicated against live registry",,Public-private dialogue including disaster risk financing.
agency,Government e-Payment Gateway Operations,GePG,Government,Government Institution,MDA / Executive Agency / Authority,Digital Government / ICT,,,,,,,,,,Research + ORODHA + FINAL_DRR + known Executive Agencies,GOV_INST,87,"URT MDAs: Treasury Registrar/CAG scope, Executive Agencies Act entities, ORODHA TAASISI, FINAL_DRR; de-duplicated against live registry",,Government payment gateway for transparent disaster disbursements.
agency,Prime Minister's Office Policy and Coordination,PMO-PC,Government,Government Institution,MDA / Executive Agency / Authority,Disaster Management Coordination,,,,,,,,,,Research + ORODHA + FINAL_DRR + known Executive Agencies,GOV_INST,88,"URT MDAs: Treasury Registrar/CAG scope, Executive Agencies Act entities, ORODHA TAASISI, FINAL_DRR; de-duplicated against live registry",,Policy coordination supporting disaster management implementation.
agency,President's Office Planning and Investment,PO-PI,Government,Government Institution,MDA / Executive Agency / Authority,National Planning,,,,,,,,,,Research + ORODHA + FINAL_DRR + known Executive Agencies,GOV_INST,89,"URT MDAs: Treasury Registrar/CAG scope, Executive Agencies Act entities, ORODHA TAASISI, FINAL_DRR; de-duplicated against live registry",,National planning and investment integrating disaster risk.
agency,Vice President's Office Union and Environment,VPO-UE,Government,Government Institution,MDA / Executive Agency / Authority,Environment/Natural Resources,,,,,,,,,,Research + ORODHA + FINAL_DRR + known Executive Agencies,GOV_INST,90,"URT MDAs: Treasury Registrar/CAG scope, Executive Agencies Act entities, ORODHA TAASISI, FINAL_DRR; de-duplicated against live registry",,Environment and climate integration with disaster management.
agency,Parliament of the United Republic of Tanzania Administration,BUNGE-ADM,Government,Government Institution,MDA / Executive Agency / Authority,Governance,,,,,,,,,,Research + ORODHA + FINAL_DRR + known Executive Agencies,GOV_INST,91,"URT MDAs: Treasury Registrar/CAG scope, Executive Agencies Act entities, ORODHA TAASISI, FINAL_DRR; de-duplicated against live registry",,Legislative oversight of disaster policy and budgets.
agency,Judiciary of Tanzania Administration,JUD-ADM,Government,Government Institution,MDA / Executive Agency / Authority,Governance,,,,,,,,,,Research + ORODHA + FINAL_DRR + known Executive Agencies,GOV_INST,92,"URT MDAs: Treasury Registrar/CAG scope, Executive Agencies Act entities, ORODHA TAASISI, FINAL_DRR; de-duplicated against live registry",,Judicial continuity and rights protection in emergencies.
agency,Controller and Auditor General Office,CAG,Government,Government Institution,MDA / Executive Agency / Authority,Governance,,,,,,,,,,Research + ORODHA + FINAL_DRR + known Executive Agencies,GOV_INST,93,"URT MDAs: Treasury Registrar/CAG scope, Executive Agencies Act entities, ORODHA TAASISI, FINAL_DRR; de-duplicated against live registry",,Supreme audit of public disaster expenditure.
agency,President's Office - Youth Development,PO-YD,Government,Ministry,Ministry / Office,Youth/Social,,,,,,,,,,tanzaniainvest.com cabinet + ORODHA,WIZARA,94,President Samia cabinet restructure Nov 2025 (27 ministries) + ORODHA YA WASHIRIKI,,Cabinet ministry/office with disaster-management mandate under MKAKATI Sura 6 (Youth/Social).
agency,"Prime Minister's Office - Policy, Parliament, Coordination and Persons with Disability",PMO-SBU,Government,Ministry,Ministry / Office,Disaster Management Coordination,,,,,,,,,,tanzaniainvest.com cabinet + ORODHA,WIZARA,95,President Samia cabinet restructure Nov 2025 (27 ministries) + ORODHA YA WASHIRIKI,POLICY_PMO_DMD,Cabinet ministry/office with disaster-management mandate under MKAKATI Sura 6 (Disaster Management Coordination).
agency,"Prime Minister's Office - Labour, Employment and Relations",PMO-Labour,Government,Ministry,Ministry / Office,Labour,,,,,,,,,,tanzaniainvest.com cabinet + ORODHA,WIZARA,96,President Samia cabinet restructure Nov 2025 (27 ministries) + ORODHA YA WASHIRIKI,,Cabinet ministry/office with disaster-management mandate under MKAKATI Sura 6 (Labour).
agency,Ministry of Finance,MoF,Government,Ministry,Ministry / Office,Finance/Risk Financing,,,,,,,,,,tanzaniainvest.com cabinet + ORODHA,WIZARA,97,President Samia cabinet restructure Nov 2025 (27 ministries) + ORODHA YA WASHIRIKI,POLICY_FINANCE,Cabinet ministry/office with disaster-management mandate under MKAKATI Sura 6 (Finance/Risk Financing).
agency,Ministry of Energy,MoE,Government,Ministry,Ministry / Office,Energy/Water,,,,,,,,,,tanzaniainvest.com cabinet + ORODHA,WIZARA,98,President Samia cabinet restructure Nov 2025 (27 ministries) + ORODHA YA WASHIRIKI,,Cabinet ministry/office with disaster-management mandate under MKAKATI Sura 6 (Energy/Water).
agency,"Ministry of Investment, Industry and Trade",MIIT,Government,Ministry,Ministry / Office,Trade/Industry,,,,,,,,,,tanzaniainvest.com cabinet + ORODHA,WIZARA,99,President Samia cabinet restructure Nov 2025 (27 ministries) + ORODHA YA WASHIRIKI,,Cabinet ministry/office with disaster-management mandate under MKAKATI Sura 6 (Trade/Industry).
agency,Ministry of Works,MoWorks,Government,Ministry,Ministry / Office,Infrastructure/Transport,,,,,,,,,,tanzaniainvest.com cabinet + ORODHA,WIZARA,100,President Samia cabinet restructure Nov 2025 (27 ministries) + ORODHA YA WASHIRIKI,POLICY_WORKS_TRANSPORT,Cabinet ministry/office with disaster-management mandate under MKAKATI Sura 6 (Infrastructure/Transport).
agency,Ministry of Transport,MoT,Government,Ministry,Ministry / Office,Infrastructure/Transport,,,,,,,,,,tanzaniainvest.com cabinet + ORODHA,WIZARA,101,President Samia cabinet restructure Nov 2025 (27 ministries) + ORODHA YA WASHIRIKI,POLICY_WORKS_TRANSPORT,Cabinet ministry/office with disaster-management mandate under MKAKATI Sura 6 (Infrastructure/Transport).
agency,"Ministry of Information, Communication and Information Technology",MICT,Government,Ministry,Ministry / Office,Communication/Media,,,,,,,,,,tanzaniainvest.com cabinet + ORODHA,WIZARA,102,President Samia cabinet restructure Nov 2025 (27 ministries) + ORODHA YA WASHIRIKI,POLICY_COMMUNICATIONS,Cabinet ministry/office with disaster-management mandate under MKAKATI Sura 6 (Communication/Media).
agency,St. Augustine University of Tanzania,SAUT,Government,Academic and Research Institution,University / College,Education/Research,,,,,,,,,,TCU-listed institutions + ORODHA VYUO,VYUO,103,Public and chartered universities in Tanzania (research capacity for DM),POLICY_ACADEMIC,Higher education and research institution contributing to DRR knowledge and training.
agency,Tumaini University Dar es Salaam College,TUDARCo,Government,Academic and Research Institution,University / College,Education/Research,,,,,,,,,,TCU-listed institutions + ORODHA VYUO,VYUO,104,Public and chartered universities in Tanzania (research capacity for DM),POLICY_ACADEMIC,Higher education and research institution contributing to DRR knowledge and training.
agency,Kampala International University in Tanzania,KIUT,Government,Academic and Research Institution,University / College,Education/Research,,,,,,,,,,TCU-listed institutions + ORODHA VYUO,VYUO,105,Public and chartered universities in Tanzania (research capacity for DM),POLICY_ACADEMIC,Higher education and research institution contributing to DRR knowledge and training.
agency,Ruaha Catholic University,RUCU,Government,Academic and Research Institution,University / College,Education/Research,,,,,,,,,,TCU-listed institutions + ORODHA VYUO,VYUO,106,Public and chartered universities in Tanzania (research capacity for DM),POLICY_ACADEMIC,Higher education and research institution contributing to DRR knowledge and training.
agency,University of Iringa,UoI,Government,Academic and Research Institution,University / College,Education/Research,,,,,,,,,,TCU-listed institutions + ORODHA VYUO,VYUO,107,Public and chartered universities in Tanzania (research capacity for DM),POLICY_ACADEMIC,Higher education and research institution contributing to DRR knowledge and training.
agency,Teofilo Kisanji University,TEKU,Government,Academic and Research Institution,University / College,Education/Research,,,,,,,,,,TCU-listed institutions + ORODHA VYUO,VYUO,108,Public and chartered universities in Tanzania (research capacity for DM),POLICY_ACADEMIC,Higher education and research institution contributing to DRR knowledge and training.
agency,Sebastian Kolowa Memorial University,SEKOMU,Government,Academic and Research Institution,University / College,Education/Research,,,,,,,,,,TCU-listed institutions + ORODHA VYUO,VYUO,109,Public and chartered universities in Tanzania (research capacity for DM),POLICY_ACADEMIC,Higher education and research institution contributing to DRR knowledge and training.
agency,Mwenge Catholic University,MWECAU,Government,Academic and Research Institution,University / College,Education/Research,,,,,,,,,,TCU-listed institutions + ORODHA VYUO,VYUO,110,Public and chartered universities in Tanzania (research capacity for DM),POLICY_ACADEMIC,Higher education and research institution contributing to DRR knowledge and training.
agency,Jordan University College,JUCo,Government,Academic and Research Institution,University / College,Education/Research,,,,,,,,,,TCU-listed institutions + ORODHA VYUO,VYUO,111,Public and chartered universities in Tanzania (research capacity for DM),POLICY_ACADEMIC,Higher education and research institution contributing to DRR knowledge and training.
agency,Stefano Moshi Memorial University College,SMMUCo,Government,Academic and Research Institution,University / College,Education/Research,,,,,,,,,,TCU-listed institutions + ORODHA VYUO,VYUO,112,Public and chartered universities in Tanzania (research capacity for DM),POLICY_ACADEMIC,Higher education and research institution contributing to DRR knowledge and training.
stakeholder,GIZ Tanzania,,International,Development Partner,Development Partner,Development Cooperation,,,,,,,,,,ORODHA + known bilateral/multilateral partners,DEVELOPMENT_PARTNERS,1,Real bilateral/multilateral partners with known Tanzania presence; de-duplicated,POLICY_DIPLOMATIC,Development/humanitarian partner supporting national disaster risk management under government leadership.
stakeholder,KfW Development Bank Tanzania,,International,Development Partner,Development Partner,Development Cooperation,,,,,,,,,,ORODHA + known bilateral/multilateral partners,DEVELOPMENT_PARTNERS,2,Real bilateral/multilateral partners with known Tanzania presence; de-duplicated,POLICY_DIPLOMATIC,Development/humanitarian partner supporting national disaster risk management under government leadership.
stakeholder,Sida Sweden Tanzania,,International,Development Partner,Development Partner,Development Cooperation,,,,,,,,,,ORODHA + known bilateral/multilateral partners,DEVELOPMENT_PARTNERS,3,Real bilateral/multilateral partners with known Tanzania presence; de-duplicated,POLICY_DIPLOMATIC,Development/humanitarian partner supporting national disaster risk management under government leadership.
stakeholder,Danida / Danish Embassy Development Cooperation,,International,Development Partner,Development Partner,Development Cooperation,,,,,,,,,,ORODHA + known bilateral/multilateral partners,DEVELOPMENT_PARTNERS,4,Real bilateral/multilateral partners with known Tanzania presence; de-duplicated,POLICY_DIPLOMATIC,Development/humanitarian partner supporting national disaster risk management under government leadership.
stakeholder,KOICA Tanzania,,International,Development Partner,Development Partner,Development Cooperation,,,,,,,,,,ORODHA + known bilateral/multilateral partners,DEVELOPMENT_PARTNERS,5,Real bilateral/multilateral partners with known Tanzania presence; de-duplicated,POLICY_DIPLOMATIC,Development/humanitarian partner supporting national disaster risk management under government leadership.
stakeholder,UN Capital Development Fund Tanzania,,International,UN Agency,UN Agency,Humanitarian/DRR,,,,,,,,,,ORODHA + known bilateral/multilateral partners,DEVELOPMENT_PARTNERS,6,Real bilateral/multilateral partners with known Tanzania presence; de-duplicated,POLICY_UN_AGENCY,Development/humanitarian partner supporting national disaster risk management under government leadership.
stakeholder,ADRiFi Trust Fund partnership,,International,Development Partner,Development Partner,Finance/Risk Financing,,,,,,,,,,ORODHA + known bilateral/multilateral partners,DEVELOPMENT_PARTNERS,7,Real bilateral/multilateral partners with known Tanzania presence; de-duplicated,POLICY_DIPLOMATIC,Development/humanitarian partner supporting national disaster risk management under government leadership.
stakeholder,Tanzania Episcopal Conference Caritas,,NGO,Faith-Based Organization,FBO,Humanitarian/Community,,,,,,,,,,ORODHA + MKAKATI 6.2.50,FBO,8,Faith-based organisations active in Tanzania social services,POLICY_FBO,Faith-based organisation for community mobilisation and humanitarian assistance.
stakeholder,Seventh-day Adventist Church Tanzania,,NGO,Faith-Based Organization,FBO,Humanitarian/Community,,,,,,,,,,ORODHA + MKAKATI 6.2.50,FBO,9,Faith-based organisations active in Tanzania social services,POLICY_FBO,Faith-based organisation for community mobilisation and humanitarian assistance.
stakeholder,Moravian Church in Tanzania,,NGO,Faith-Based Organization,FBO,Humanitarian/Community,,,,,,,,,,ORODHA + MKAKATI 6.2.50,FBO,10,Faith-based organisations active in Tanzania social services,POLICY_FBO,Faith-based organisation for community mobilisation and humanitarian assistance.
stakeholder,Catholic Relief Services Tanzania,,NGO,NGO,National/International NGO,Humanitarian/DRR,,,,,,,,,,ORODHA + FINAL_DRR + known DRR NGOs,NGOS,11,Civil society organisations with documented Tanzania presence,POLICY_NGO,"NGO supporting community preparedness, response or recovery under national coordination."
stakeholder,Finn Church Aid Tanzania,,NGO,NGO,National/International NGO,Humanitarian/DRR,,,,,,,,,,ORODHA + FINAL_DRR + known DRR NGOs,NGOS,12,Civil society organisations with documented Tanzania presence,POLICY_NGO,"NGO supporting community preparedness, response or recovery under national coordination."
stakeholder,Lutheran World Federation Tanzania,,NGO,NGO,National/International NGO,Humanitarian/DRR,,,,,,,,,,ORODHA + FINAL_DRR + known DRR NGOs,NGOS,13,Civil society organisations with documented Tanzania presence,POLICY_NGO,"NGO supporting community preparedness, response or recovery under national coordination."
stakeholder,Islamic Relief Tanzania,,NGO,NGO,National/International NGO,Humanitarian/DRR,,,,,,,,,,ORODHA + FINAL_DRR + known DRR NGOs,NGOS,14,Civil society organisations with documented Tanzania presence,POLICY_NGO,"NGO supporting community preparedness, response or recovery under national coordination."
stakeholder,Humanity & Inclusion Tanzania,,NGO,NGO,National/International NGO,Humanitarian/DRR,,,,,,,,,,ORODHA + FINAL_DRR + known DRR NGOs,NGOS,15,Civil society organisations with documented Tanzania presence,POLICY_NGO,"NGO supporting community preparedness, response or recovery under national coordination."
stakeholder,British Red Cross Tanzania partnership,,NGO,NGO,National/International NGO,Humanitarian/DRR,,,,,,,,,,ORODHA + FINAL_DRR + known DRR NGOs,NGOS,16,Civil society organisations with documented Tanzania presence,POLICY_NGO,"NGO supporting community preparedness, response or recovery under national coordination."
stakeholder,FEMINA HIP,,NGO,NGO,National/International NGO,Humanitarian/DRR,,,,,,,,,,ORODHA + FINAL_DRR + known DRR NGOs,NGOS,17,Civil society organisations with documented Tanzania presence,POLICY_NGO,"NGO supporting community preparedness, response or recovery under national coordination."
stakeholder,Malihai Clubs of Tanzania,,NGO,NGO,National/International NGO,Humanitarian/DRR,,,,,,,,,,ORODHA + FINAL_DRR + known DRR NGOs,NGOS,18,Civil society organisations with documented Tanzania presence,POLICY_NGO,"NGO supporting community preparedness, response or recovery under national coordination."
stakeholder,ENVIROCARE Tanzania,,NGO,NGO,National/International NGO,Humanitarian/DRR,,,,,,,,,,ORODHA + FINAL_DRR + known DRR NGOs,NGOS,19,Civil society organisations with documented Tanzania presence,POLICY_NGO,"NGO supporting community preparedness, response or recovery under national coordination."
agency,Mtwara-Mikindani Urban Water Supply and Sanitation Authority,MTMIWASA,Government,Government Institution,MDA / Utility / Board,Water/WASH,,,,,,,,,,Research + utility authorities + boards,EXTRA_MDA,1001,"Documented URT water utilities, boards, hospitals, research institutes; de-duplicated",,Government institution with disaster-relevant mandate in Water/WASH.
agency,Lindi Municipal Water Supply and Sanitation Authority,Lindi-UWASA,Government,Government Institution,MDA / Utility / Board,Water/WASH,,,,,,,,,,Research + utility authorities + boards,EXTRA_MDA,1002,"Documented URT water utilities, boards, hospitals, research institutes; de-duplicated",,Government institution with disaster-relevant mandate in Water/WASH.
agency,Handeni Trunk Main Water Supply and Sanitation Authority,HTM-WSSA,Government,Government Institution,MDA / Utility / Board,Water/WASH,,,,,,,,,,Research + utility authorities + boards,EXTRA_MDA,1003,"Documented URT water utilities, boards, hospitals, research institutes; de-duplicated",,Government institution with disaster-relevant mandate in Water/WASH.
agency,Kahama-Shinyanga Water Supply and Sanitation Authority,KASHWASA,Government,Government Institution,MDA / Utility / Board,Water/WASH,,,,,,,,,,Research + utility authorities + boards,EXTRA_MDA,1004,"Documented URT water utilities, boards, hospitals, research institutes; de-duplicated",,Government institution with disaster-relevant mandate in Water/WASH.
agency,Maswa Urban Water Supply and Sanitation Authority,MAUWASA,Government,Government Institution,MDA / Utility / Board,Water/WASH,,,,,,,,,,Research + utility authorities + boards,EXTRA_MDA,1005,"Documented URT water utilities, boards, hospitals, research institutes; de-duplicated",,Government institution with disaster-relevant mandate in Water/WASH.
agency,Bariadi Urban Water Supply and Sanitation Authority,BAUWASA,Government,Government Institution,MDA / Utility / Board,Water/WASH,,,,,,,,,,Research + utility authorities + boards,EXTRA_MDA,1006,"Documented URT water utilities, boards, hospitals, research institutes; de-duplicated",,Government institution with disaster-relevant mandate in Water/WASH.
agency,Tarime Urban Water Supply and Sanitation Authority,TUWASA,Government,Government Institution,MDA / Utility / Board,Water/WASH,,,,,,,,,,Research + utility authorities + boards,EXTRA_MDA,1007,"Documented URT water utilities, boards, hospitals, research institutes; de-duplicated",,Government institution with disaster-relevant mandate in Water/WASH.
agency,Musoma Municipal Water Supply Authority,MUWASA-M,Government,Government Institution,MDA / Utility / Board,Water/WASH,,,,,,,,,,Research + utility authorities + boards,EXTRA_MDA,1008,"Documented URT water utilities, boards, hospitals, research institutes; de-duplicated",,Government institution with disaster-relevant mandate in Water/WASH.
agency,Bukoba Municipal Water Supply Authority,BUWASA-M,Government,Government Institution,MDA / Utility / Board,Water/WASH,,,,,,,,,,Research + utility authorities + boards,EXTRA_MDA,1009,"Documented URT water utilities, boards, hospitals, research institutes; de-duplicated",,Government institution with disaster-relevant mandate in Water/WASH.
agency,Kigoma-Ujiji Urban Water Supply and Sanitation Authority,KUWASA-U,Government,Government Institution,MDA / Utility / Board,Water/WASH,,,,,,,,,,Research + utility authorities + boards,EXTRA_MDA,1010,"Documented URT water utilities, boards, hospitals, research institutes; de-duplicated",,Government institution with disaster-relevant mandate in Water/WASH.
agency,Sumbawanga Municipal Water Supply Authority,SUWASA-M,Government,Government Institution,MDA / Utility / Board,Water/WASH,,,,,,,,,,Research + utility authorities + boards,EXTRA_MDA,1011,"Documented URT water utilities, boards, hospitals, research institutes; de-duplicated",,Government institution with disaster-relevant mandate in Water/WASH.
agency,Mpanda Urban Water Supply and Sanitation Authority,MPUWASA,Government,Government Institution,MDA / Utility / Board,Water/WASH,,,,,,,,,,Research + utility authorities + boards,EXTRA_MDA,1012,"Documented URT water utilities, boards, hospitals, research institutes; de-duplicated",,Government institution with disaster-relevant mandate in Water/WASH.
agency,Tabora Urban Water Supply and Sanitation Authority,TUWASA-T,Government,Government Institution,MDA / Utility / Board,Water/WASH,,,,,,,,,,Research + utility authorities + boards,EXTRA_MDA,1013,"Documented URT water utilities, boards, hospitals, research institutes; de-duplicated",,Government institution with disaster-relevant mandate in Water/WASH.
agency,Nzega Urban Water Supply and Sanitation Authority,NUWASA-N,Government,Government Institution,MDA / Utility / Board,Water/WASH,,,,,,,,,,Research + utility authorities + boards,EXTRA_MDA,1014,"Documented URT water utilities, boards, hospitals, research institutes; de-duplicated",,Government institution with disaster-relevant mandate in Water/WASH.
agency,Singida Municipal Water Supply Authority,SIUWASA-M,Government,Government Institution,MDA / Utility / Board,Water/WASH,,,,,,,,,,Research + utility authorities + boards,EXTRA_MDA,1015,"Documented URT water utilities, boards, hospitals, research institutes; de-duplicated",,Government institution with disaster-relevant mandate in Water/WASH.
agency,Manyoni Urban Water Supply Authority,MAUWASA-M,Government,Government Institution,MDA / Utility / Board,Water/WASH,,,,,,,,,,Research + utility authorities + boards,EXTRA_MDA,1016,"Documented URT water utilities, boards, hospitals, research institutes; de-duplicated",,Government institution with disaster-relevant mandate in Water/WASH.
agency,Babati Town Water Supply and Sanitation Authority,BAWASA-T,Government,Government Institution,MDA / Utility / Board,Water/WASH,,,,,,,,,,Research + utility authorities + boards,EXTRA_MDA,1017,"Documented URT water utilities, boards, hospitals, research institutes; de-duplicated",,Government institution with disaster-relevant mandate in Water/WASH.
agency,Mbulu Urban Water Supply Authority,MBUWASA,Government,Government Institution,MDA / Utility / Board,Water/WASH,,,,,,,,,,Research + utility authorities + boards,EXTRA_MDA,1018,"Documented URT water utilities, boards, hospitals, research institutes; de-duplicated",,Government institution with disaster-relevant mandate in Water/WASH.
agency,Karatu Urban Water Supply Authority,KAUWASA,Government,Government Institution,MDA / Utility / Board,Water/WASH,,,,,,,,,,Research + utility authorities + boards,EXTRA_MDA,1019,"Documented URT water utilities, boards, hospitals, research institutes; de-duplicated",,Government institution with disaster-relevant mandate in Water/WASH.
agency,Same-Mwanga Urban Water Supply Authority,SMUWASA,Government,Government Institution,MDA / Utility / Board,Water/WASH,,,,,,,,,,Research + utility authorities + boards,EXTRA_MDA,1020,"Documented URT water utilities, boards, hospitals, research institutes; de-duplicated",,Government institution with disaster-relevant mandate in Water/WASH.
agency,Korogwe Urban Water Supply Authority,KOUWASA,Government,Government Institution,MDA / Utility / Board,Water/WASH,,,,,,,,,,Research + utility authorities + boards,EXTRA_MDA,1021,"Documented URT water utilities, boards, hospitals, research institutes; de-duplicated",,Government institution with disaster-relevant mandate in Water/WASH.
agency,Muheza Urban Water Supply Authority,MUHUWASA,Government,Government Institution,MDA / Utility / Board,Water/WASH,,,,,,,,,,Research + utility authorities + boards,EXTRA_MDA,1022,"Documented URT water utilities, boards, hospitals, research institutes; de-duplicated",,Government institution with disaster-relevant mandate in Water/WASH.
agency,Pangani Urban Water Supply Authority,PAUWASA,Government,Government Institution,MDA / Utility / Board,Water/WASH,,,,,,,,,,Research + utility authorities + boards,EXTRA_MDA,1023,"Documented URT water utilities, boards, hospitals, research institutes; de-duplicated",,Government institution with disaster-relevant mandate in Water/WASH.
agency,Kilwa Urban Water Supply Authority,KIUWASA,Government,Government Institution,MDA / Utility / Board,Water/WASH,,,,,,,,,,Research + utility authorities + boards,EXTRA_MDA,1024,"Documented URT water utilities, boards, hospitals, research institutes; de-duplicated",,Government institution with disaster-relevant mandate in Water/WASH.
agency,Nachingwea Urban Water Supply Authority,NAUWASA,Government,Government Institution,MDA / Utility / Board,Water/WASH,,,,,,,,,,Research + utility authorities + boards,EXTRA_MDA,1025,"Documented URT water utilities, boards, hospitals, research institutes; de-duplicated",,Government institution with disaster-relevant mandate in Water/WASH.
agency,Masasi Urban Water Supply Authority,MASUWASA,Government,Government Institution,MDA / Utility / Board,Water/WASH,,,,,,,,,,Research + utility authorities + boards,EXTRA_MDA,1026,"Documented URT water utilities, boards, hospitals, research institutes; de-duplicated",,Government institution with disaster-relevant mandate in Water/WASH.
agency,Newala Urban Water Supply Authority,NEUWASA,Government,Government Institution,MDA / Utility / Board,Water/WASH,,,,,,,,,,Research + utility authorities + boards,EXTRA_MDA,1027,"Documented URT water utilities, boards, hospitals, research institutes; de-duplicated",,Government institution with disaster-relevant mandate in Water/WASH.
agency,Tunduru Urban Water Supply Authority,TUNUWASA,Government,Government Institution,MDA / Utility / Board,Water/WASH,,,,,,,,,,Research + utility authorities + boards,EXTRA_MDA,1028,"Documented URT water utilities, boards, hospitals, research institutes; de-duplicated",,Government institution with disaster-relevant mandate in Water/WASH.
agency,Songea Municipal Water Supply Authority,SOUWASA-M,Government,Government Institution,MDA / Utility / Board,Water/WASH,,,,,,,,,,Research + utility authorities + boards,EXTRA_MDA,1029,"Documented URT water utilities, boards, hospitals, research institutes; de-duplicated",,Government institution with disaster-relevant mandate in Water/WASH.
agency,Mbinga Urban Water Supply Authority,MBIUWASA,Government,Government Institution,MDA / Utility / Board,Water/WASH,,,,,,,,,,Research + utility authorities + boards,EXTRA_MDA,1030,"Documented URT water utilities, boards, hospitals, research institutes; de-duplicated",,Government institution with disaster-relevant mandate in Water/WASH.
agency,Njombe Town Water Supply Authority,NUWASA-T,Government,Government Institution,MDA / Utility / Board,Water/WASH,,,,,,,,,,Research + utility authorities + boards,EXTRA_MDA,1031,"Documented URT water utilities, boards, hospitals, research institutes; de-duplicated",,Government institution with disaster-relevant mandate in Water/WASH.
agency,Makambako Urban Water Supply Authority,MAKUWASA,Government,Government Institution,MDA / Utility / Board,Water/WASH,,,,,,,,,,Research + utility authorities + boards,EXTRA_MDA,1032,"Documented URT water utilities, boards, hospitals, research institutes; de-duplicated",,Government institution with disaster-relevant mandate in Water/WASH.
agency,Iringa Municipal Water Supply Authority,IRUWASA-M,Government,Government Institution,MDA / Utility / Board,Water/WASH,,,,,,,,,,Research + utility authorities + boards,EXTRA_MDA,1033,"Documented URT water utilities, boards, hospitals, research institutes; de-duplicated",,Government institution with disaster-relevant mandate in Water/WASH.
agency,Mafinga Urban Water Supply Authority,MAFUWASA,Government,Government Institution,MDA / Utility / Board,Water/WASH,,,,,,,,,,Research + utility authorities + boards,EXTRA_MDA,1034,"Documented URT water utilities, boards, hospitals, research institutes; de-duplicated",,Government institution with disaster-relevant mandate in Water/WASH.
agency,Mbeya City Water Supply and Sanitation Authority,MBWASA-C,Government,Government Institution,MDA / Utility / Board,Water/WASH,,,,,,,,,,Research + utility authorities + boards,EXTRA_MDA,1035,"Documented URT water utilities, boards, hospitals, research institutes; de-duplicated",,Government institution with disaster-relevant mandate in Water/WASH.
agency,Tukuyu Urban Water Supply Authority,TUUWASA,Government,Government Institution,MDA / Utility / Board,Water/WASH,,,,,,,,,,Research + utility authorities + boards,EXTRA_MDA,1036,"Documented URT water utilities, boards, hospitals, research institutes; de-duplicated",,Government institution with disaster-relevant mandate in Water/WASH.
agency,Kyela Urban Water Supply Authority,KYUWASA,Government,Government Institution,MDA / Utility / Board,Water/WASH,,,,,,,,,,Research + utility authorities + boards,EXTRA_MDA,1037,"Documented URT water utilities, boards, hospitals, research institutes; de-duplicated",,Government institution with disaster-relevant mandate in Water/WASH.
agency,Chunya Urban Water Supply Authority,CHUWASA,Government,Government Institution,MDA / Utility / Board,Water/WASH,,,,,,,,,,Research + utility authorities + boards,EXTRA_MDA,1038,"Documented URT water utilities, boards, hospitals, research institutes; de-duplicated",,Government institution with disaster-relevant mandate in Water/WASH.
agency,Sumbawanga Municipal Council Water Authority,SUMUWASA,Government,Government Institution,MDA / Utility / Board,Water/WASH,,,,,,,,,,Research + utility authorities + boards,EXTRA_MDA,1039,"Documented URT water utilities, boards, hospitals, research institutes; de-duplicated",,Government institution with disaster-relevant mandate in Water/WASH.
agency,Mpanda Municipal Water Authority,MPUWA,Government,Government Institution,MDA / Utility / Board,Water/WASH,,,,,,,,,,Research + utility authorities + boards,EXTRA_MDA,1040,"Documented URT water utilities, boards, hospitals, research institutes; de-duplicated",,Government institution with disaster-relevant mandate in Water/WASH.
agency,Kakonko Urban Water Supply Authority,KAKUWASA,Government,Government Institution,MDA / Utility / Board,Water/WASH,,,,,,,,,,Research + utility authorities + boards,EXTRA_MDA,1041,"Documented URT water utilities, boards, hospitals, research institutes; de-duplicated",,Government institution with disaster-relevant mandate in Water/WASH.
agency,Kasulu Urban Water Supply Authority,KASUWASA,Government,Government Institution,MDA / Utility / Board,Water/WASH,,,,,,,,,,Research + utility authorities + boards,EXTRA_MDA,1042,"Documented URT water utilities, boards, hospitals, research institutes; de-duplicated",,Government institution with disaster-relevant mandate in Water/WASH.
agency,Kibondo Urban Water Supply Authority,KIBUWASA,Government,Government Institution,MDA / Utility / Board,Water/WASH,,,,,,,,,,Research + utility authorities + boards,EXTRA_MDA,1043,"Documented URT water utilities, boards, hospitals, research institutes; de-duplicated",,Government institution with disaster-relevant mandate in Water/WASH.
agency,Geita Town Water Supply Authority,GEUWASA-T,Government,Government Institution,MDA / Utility / Board,Water/WASH,,,,,,,,,,Research + utility authorities + boards,EXTRA_MDA,1044,"Documented URT water utilities, boards, hospitals, research institutes; de-duplicated",,Government institution with disaster-relevant mandate in Water/WASH.
agency,Chato Urban Water Supply Authority,CHAUWASA,Government,Government Institution,MDA / Utility / Board,Water/WASH,,,,,,,,,,Research + utility authorities + boards,EXTRA_MDA,1045,"Documented URT water utilities, boards, hospitals, research institutes; de-duplicated",,Government institution with disaster-relevant mandate in Water/WASH.
agency,Biharamulo Urban Water Supply Authority,BIHUWASA,Government,Government Institution,MDA / Utility / Board,Water/WASH,,,,,,,,,,Research + utility authorities + boards,EXTRA_MDA,1046,"Documented URT water utilities, boards, hospitals, research institutes; de-duplicated",,Government institution with disaster-relevant mandate in Water/WASH.
agency,Ngara Urban Water Supply Authority,NGUWASA,Government,Government Institution,MDA / Utility / Board,Water/WASH,,,,,,,,,,Research + utility authorities + boards,EXTRA_MDA,1047,"Documented URT water utilities, boards, hospitals, research institutes; de-duplicated",,Government institution with disaster-relevant mandate in Water/WASH.
agency,Muleba Urban Water Supply Authority,MULUWASA,Government,Government Institution,MDA / Utility / Board,Water/WASH,,,,,,,,,,Research + utility authorities + boards,EXTRA_MDA,1048,"Documented URT water utilities, boards, hospitals, research institutes; de-duplicated",,Government institution with disaster-relevant mandate in Water/WASH.
agency,Karagwe Urban Water Supply Authority,KARUWASA,Government,Government Institution,MDA / Utility / Board,Water/WASH,,,,,,,,,,Research + utility authorities + boards,EXTRA_MDA,1049,"Documented URT water utilities, boards, hospitals, research institutes; de-duplicated",,Government institution with disaster-relevant mandate in Water/WASH.
agency,Tobacco Board of Tanzania,TBT,Government,Government Institution,MDA / Utility / Board,Agriculture/Food Security,,,,,,,,,,Research + utility authorities + boards,EXTRA_MDA,1050,"Documented URT water utilities, boards, hospitals, research institutes; de-duplicated",,Government institution with disaster-relevant mandate in Agriculture/Food Security.
agency,Pyrethrum Board of Tanzania,PBT,Government,Government Institution,MDA / Utility / Board,Agriculture/Food Security,,,,,,,,,,Research + utility authorities + boards,EXTRA_MDA,1051,"Documented URT water utilities, boards, hospitals, research institutes; de-duplicated",,Government institution with disaster-relevant mandate in Agriculture/Food Security.
agency,Sisal Board of Tanzania,SiBT,Government,Government Institution,MDA / Utility / Board,Agriculture/Food Security,,,,,,,,,,Research + utility authorities + boards,EXTRA_MDA,1052,"Documented URT water utilities, boards, hospitals, research institutes; de-duplicated",,Government institution with disaster-relevant mandate in Agriculture/Food Security.
agency,Tanzania Sisal Board,TSB,Government,Government Institution,MDA / Utility / Board,Agriculture/Food Security,,,,,,,,,,Research + utility authorities + boards,EXTRA_MDA,1053,"Documented URT water utilities, boards, hospitals, research institutes; de-duplicated",,Government institution with disaster-relevant mandate in Agriculture/Food Security.
agency,Dairy Board of Tanzania,DBT,Government,Government Institution,MDA / Utility / Board,Livestock/Fisheries,,,,,,,,,,Research + utility authorities + boards,EXTRA_MDA,1054,"Documented URT water utilities, boards, hospitals, research institutes; de-duplicated",,Government institution with disaster-relevant mandate in Livestock/Fisheries.
agency,Meat Board of Tanzania,MBT,Government,Government Institution,MDA / Utility / Board,Livestock/Fisheries,,,,,,,,,,Research + utility authorities + boards,EXTRA_MDA,1055,"Documented URT water utilities, boards, hospitals, research institutes; de-duplicated",,Government institution with disaster-relevant mandate in Livestock/Fisheries.
agency,Tanzania Dairy Board,TDB,Government,Government Institution,MDA / Utility / Board,Livestock/Fisheries,,,,,,,,,,Research + utility authorities + boards,EXTRA_MDA,1056,"Documented URT water utilities, boards, hospitals, research institutes; de-duplicated",,Government institution with disaster-relevant mandate in Livestock/Fisheries.
agency,Tanzania Fertilizer Regulatory Authority,TFRA,Government,Government Institution,MDA / Utility / Board,Agriculture/Food Security,,,,,,,,,,Research + utility authorities + boards,EXTRA_MDA,1057,"Documented URT water utilities, boards, hospitals, research institutes; de-duplicated",,Government institution with disaster-relevant mandate in Agriculture/Food Security.
agency,Tanzania Plant Health and Pesticides Authority,TPHPA,Government,Government Institution,MDA / Utility / Board,Agriculture/Food Security,,,,,,,,,,Research + utility authorities + boards,EXTRA_MDA,1058,"Documented URT water utilities, boards, hospitals, research institutes; de-duplicated",,Government institution with disaster-relevant mandate in Agriculture/Food Security.
agency,Tropical Pesticides Research Institute,TPRI,Government,Government Institution,MDA / Utility / Board,Agriculture/Food Security,,,,,,,,,,Research + utility authorities + boards,EXTRA_MDA,1059,"Documented URT water utilities, boards, hospitals, research institutes; de-duplicated",,Government institution with disaster-relevant mandate in Agriculture/Food Security.
agency,Tea Research Institute of Tanzania,TRIT,Government,Government Institution,MDA / Utility / Board,Agriculture/Food Security,,,,,,,,,,Research + utility authorities + boards,EXTRA_MDA,1060,"Documented URT water utilities, boards, hospitals, research institutes; de-duplicated",,Government institution with disaster-relevant mandate in Agriculture/Food Security.
agency,Tanzania Wildlife Protection Fund,TWPF,Government,Government Institution,MDA / Utility / Board,Environment/Natural Resources,,,,,,,,,,Research + utility authorities + boards,EXTRA_MDA,1061,"Documented URT water utilities, boards, hospitals, research institutes; de-duplicated",,Government institution with disaster-relevant mandate in Environment/Natural Resources.
agency,Eastern Arc Mountains Conservation Endowment Fund,EAMCEF,Government,Government Institution,MDA / Utility / Board,Environment/Natural Resources,,,,,,,,,,Research + utility authorities + boards,EXTRA_MDA,1062,"Documented URT water utilities, boards, hospitals, research institutes; de-duplicated",,Government institution with disaster-relevant mandate in Environment/Natural Resources.
agency,Tanzania Forest Fund,TaFF,Government,Government Institution,MDA / Utility / Board,Environment/Natural Resources,,,,,,,,,,Research + utility authorities + boards,EXTRA_MDA,1063,"Documented URT water utilities, boards, hospitals, research institutes; de-duplicated",,Government institution with disaster-relevant mandate in Environment/Natural Resources.
agency,National Land Use Planning Commission,NLUPC,Government,Government Institution,MDA / Utility / Board,Land Use/Urban Planning,,,,,,,,,,Research + utility authorities + boards,EXTRA_MDA,1064,"Documented URT water utilities, boards, hospitals, research institutes; de-duplicated",,Government institution with disaster-relevant mandate in Land Use/Urban Planning.
agency,Property and Business Formalization Programme MKURABITA,MKURABITA,Government,Government Institution,MDA / Utility / Board,Land Use/Urban Planning,,,,,,,,,,Research + utility authorities + boards,EXTRA_MDA,1065,"Documented URT water utilities, boards, hospitals, research institutes; de-duplicated",,Government institution with disaster-relevant mandate in Land Use/Urban Planning.
agency,Tanzania Mortgage Refinance Company,TMRC,Government,Government Institution,MDA / Utility / Board,Finance/Risk Financing,,,,,,,,,,Research + utility authorities + boards,EXTRA_MDA,1066,"Documented URT water utilities, boards, hospitals, research institutes; de-duplicated",,Government institution with disaster-relevant mandate in Finance/Risk Financing.
agency,Unit Trust of Tanzania,UTT,Government,Government Institution,MDA / Utility / Board,Finance/Risk Financing,,,,,,,,,,Research + utility authorities + boards,EXTRA_MDA,1067,"Documented URT water utilities, boards, hospitals, research institutes; de-duplicated",,Government institution with disaster-relevant mandate in Finance/Risk Financing.
agency,Zanzibar Institute of Financial Administration,ZIFA,Government,Government Institution,MDA / Utility / Board,Education/Research,,,,,,,,,,Research + utility authorities + boards,EXTRA_MDA,1068,"Documented URT water utilities, boards, hospitals, research institutes; de-duplicated",,Government institution with disaster-relevant mandate in Education/Research.
agency,College of African Wildlife Management Mweka,CAWM,Government,Government Institution,MDA / Utility / Board,Education/Research,,,,,,,,,,Research + utility authorities + boards,EXTRA_MDA,1069,"Documented URT water utilities, boards, hospitals, research institutes; de-duplicated",,Government institution with disaster-relevant mandate in Education/Research.
agency,Serengeti Wildlife Research Centre,SWRC,Government,Government Institution,MDA / Utility / Board,Environment/Natural Resources,,,,,,,,,,Research + utility authorities + boards,EXTRA_MDA,1070,"Documented URT water utilities, boards, hospitals, research institutes; de-duplicated",,Government institution with disaster-relevant mandate in Environment/Natural Resources.
agency,Kunduchi Fisheries Institute,KFI,Government,Government Institution,MDA / Utility / Board,Education/Research,,,,,,,,,,Research + utility authorities + boards,EXTRA_MDA,1071,"Documented URT water utilities, boards, hospitals, research institutes; de-duplicated",,Government institution with disaster-relevant mandate in Education/Research.
agency,National Institute for Medical Research Mwanza Centre,NIMR-M,Government,Government Institution,MDA / Utility / Board,Health/Research,,,,,,,,,,Research + utility authorities + boards,EXTRA_MDA,1072,"Documented URT water utilities, boards, hospitals, research institutes; de-duplicated",,Government institution with disaster-relevant mandate in Health/Research.
agency,National Institute for Medical Research Tanga Centre,NIMR-T,Government,Government Institution,MDA / Utility / Board,Health/Research,,,,,,,,,,Research + utility authorities + boards,EXTRA_MDA,1073,"Documented URT water utilities, boards, hospitals, research institutes; de-duplicated",,Government institution with disaster-relevant mandate in Health/Research.
agency,National Institute for Medical Research Mbeya Centre,NIMR-Mb,Government,Government Institution,MDA / Utility / Board,Health/Research,,,,,,,,,,Research + utility authorities + boards,EXTRA_MDA,1074,"Documented URT water utilities, boards, hospitals, research institutes; de-duplicated",,Government institution with disaster-relevant mandate in Health/Research.
agency,Muhimbili Orthopaedic Institute,MOI,Government,Government Institution,MDA / Utility / Board,Health,,,,,,,,,,Research + utility authorities + boards,EXTRA_MDA,1075,"Documented URT water utilities, boards, hospitals, research institutes; de-duplicated",,Government institution with disaster-relevant mandate in Health.
agency,Dodoma Regional Referral Hospital,DRRH,Government,Government Institution,MDA / Utility / Board,Health,,,,,,,,,,Research + utility authorities + boards,EXTRA_MDA,1076,"Documented URT water utilities, boards, hospitals, research institutes; de-duplicated",,Government institution with disaster-relevant mandate in Health.
agency,Bugando Medical Centre,BMC,Government,Government Institution,MDA / Utility / Board,Health,,,,,,,,,,Research + utility authorities + boards,EXTRA_MDA,1077,"Documented URT water utilities, boards, hospitals, research institutes; de-duplicated",,Government institution with disaster-relevant mandate in Health.
agency,Mbeya Zonal Referral Hospital,MZRH,Government,Government Institution,MDA / Utility / Board,Health,,,,,,,,,,Research + utility authorities + boards,EXTRA_MDA,1078,"Documented URT water utilities, boards, hospitals, research institutes; de-duplicated",,Government institution with disaster-relevant mandate in Health.
agency,Mtwara Regional Referral Hospital,MRRH,Government,Government Institution,MDA / Utility / Board,Health,,,,,,,,,,Research + utility authorities + boards,EXTRA_MDA,1079,"Documented URT water utilities, boards, hospitals, research institutes; de-duplicated",,Government institution with disaster-relevant mandate in Health.
agency,Tanga Regional Referral Hospital,TRRH,Government,Government Institution,MDA / Utility / Board,Health,,,,,,,,,,Research + utility authorities + boards,EXTRA_MDA,1080,"Documented URT water utilities, boards, hospitals, research institutes; de-duplicated",,Government institution with disaster-relevant mandate in Health.
agency,Mwanza Regional Referral Hospital Sekou Toure,MRRH-ST,Government,Government Institution,MDA / Utility / Board,Health,,,,,,,,,,Research + utility authorities + boards,EXTRA_MDA,1081,"Documented URT water utilities, boards, hospitals, research institutes; de-duplicated",,Government institution with disaster-relevant mandate in Health.
agency,Arusha Regional Referral Hospital Mount Meru,ARRH-MM,Government,Government Institution,MDA / Utility / Board,Health,,,,,,,,,,Research + utility authorities + boards,EXTRA_MDA,1082,"Documented URT water utilities, boards, hospitals, research institutes; de-duplicated",,Government institution with disaster-relevant mandate in Health.
agency,Mawenzi Regional Referral Hospital,Mawenzi-RRH,Government,Government Institution,MDA / Utility / Board,Health,,,,,,,,,,Research + utility authorities + boards,EXTRA_MDA,1083,"Documented URT water utilities, boards, hospitals, research institutes; de-duplicated",,Government institution with disaster-relevant mandate in Health.
agency,Muhimbili National Hospital Mloganzila,MNH-M,Government,Government Institution,MDA / Utility / Board,Health,,,,,,,,,,Research + utility authorities + boards,EXTRA_MDA,1084,"Documented URT water utilities, boards, hospitals, research institutes; de-duplicated",,Government institution with disaster-relevant mandate in Health.
agency,Government Printer,GP,Government,Government Institution,MDA / Utility / Board,Governance,,,,,,,,,,Research + utility authorities + boards,EXTRA_MDA,1085,"Documented URT water utilities, boards, hospitals, research institutes; de-duplicated",,Government institution with disaster-relevant mandate in Governance.
agency,Fair Competition Tribunal,FCT,Government,Government Institution,MDA / Utility / Board,Trade/Industry,,,,,,,,,,Research + utility authorities + boards,EXTRA_MDA,1086,"Documented URT water utilities, boards, hospitals, research institutes; de-duplicated",,Government institution with disaster-relevant mandate in Trade/Industry.
agency,Universal Communications Service Access Fund,UCSAF,Government,Government Institution,MDA / Utility / Board,Communication/Media,,,,,,,,,,Research + utility authorities + boards,EXTRA_MDA,1087,"Documented URT water utilities, boards, hospitals, research institutes; de-duplicated",,Government institution with disaster-relevant mandate in Communication/Media.
agency,Special Economic Zones Authority coordination,SEZA,Government,Government Institution,MDA / Utility / Board,Trade/Industry,,,,,,,,,,Research + utility authorities + boards,EXTRA_MDA,1088,"Documented URT water utilities, boards, hospitals, research institutes; de-duplicated",,Government institution with disaster-relevant mandate in Trade/Industry.
agency,Mining Commission,MC,Government,Government Institution,MDA / Utility / Board,Energy/Minerals,,,,,,,,,,Research + utility authorities + boards,EXTRA_MDA,1089,"Documented URT water utilities, boards, hospitals, research institutes; de-duplicated",,Government institution with disaster-relevant mandate in Energy/Minerals.
agency,Tanzania Minerals Audit Agency,TMAA,Government,Government Institution,MDA / Utility / Board,Energy/Minerals,,,,,,,,,,Research + utility authorities + boards,EXTRA_MDA,1090,"Documented URT water utilities, boards, hospitals, research institutes; de-duplicated",,Government institution with disaster-relevant mandate in Energy/Minerals.
agency,Deep Sea Fishing Authority,DSFA,Government,Government Institution,MDA / Utility / Board,Livestock/Fisheries,,,,,,,,,,Research + utility authorities + boards,EXTRA_MDA,1091,"Documented URT water utilities, boards, hospitals, research institutes; de-duplicated",,Government institution with disaster-relevant mandate in Livestock/Fisheries.
agency,Public Service Recruitment Secretariat,PSRS,Government,Government Institution,MDA / Utility / Board,Public Service,,,,,,,,,,Research + utility authorities + boards,EXTRA_MDA,1092,"Documented URT water utilities, boards, hospitals, research institutes; de-duplicated",,Government institution with disaster-relevant mandate in Public Service.
agency,Public Service Commission,PSC,Government,Government Institution,MDA / Utility / Board,Public Service,,,,,,,,,,Research + utility authorities + boards,EXTRA_MDA,1093,"Documented URT water utilities, boards, hospitals, research institutes; de-duplicated",,Government institution with disaster-relevant mandate in Public Service.
agency,National Economic Empowerment Council,NEEC,Government,Government Institution,MDA / Utility / Board,Social Protection,,,,,,,,,,Research + utility authorities + boards,EXTRA_MDA,1094,"Documented URT water utilities, boards, hospitals, research institutes; de-duplicated",,Government institution with disaster-relevant mandate in Social Protection.
agency,National Service JKT,JKT,Government,Government Institution,MDA / Utility / Board,Security/Response,,,,,,,,,,Research + utility authorities + boards,EXTRA_MDA,1095,"Documented URT water utilities, boards, hospitals, research institutes; de-duplicated",,Government institution with disaster-relevant mandate in Security/Response.
